Episode,Baseline_D3QN_Reward,VLA_Guarded_Reward,Baseline_Success_Rate,VLA_Guarded_Success_Rate,Baseline_Outcome,VLA_Guarded_Outcome
1,-7.8951,-8.7906,0.0,0.0,timeout,timeout
2,-17.0172,-14.9483,0.0,0.0,collision,collision
3,-17.2438,-16.7137,0.0,0.0,collision,collision
4,1.5132,-14.8148,0.0,0.0,timeout,collision
5,-8.7337,-1.502,0.0,0.0,timeout,timeout
6,-2.2368,-11.1387,0.0,0.0,timeout,timeout
7,-19.604,-21.2056,0.0,0.0,collision,collision
8,-12.4989,2.5393,0.0,0.0,timeout,timeout
9,14.0628,-9.2225,0.0,0.0,timeout,collision
10,3.6334,-3.7829,0.0,0.0,timeout,timeout
11,-19.9198,-4.7253,0.0,0.0,collision,timeout
12,7.5725,-4.6382,0.0,0.0,timeout,timeout
13,-11.8769,10.4693,0.0,0.0,collision,timeout
14,-7.5298,-5.953,0.0,0.0,timeout,timeout
15,5.3885,-7.6476,0.0,0.0,timeout,timeout
16,0.5778,-15.0703,0.0,0.0,timeout,timeout
17,-2.1845,-17.8139,0.0,0.0,collision,collision
18,-4.1563,0.2432,0.0,0.0,timeout,timeout
19,9.5031,-0.9327,0.0,0.0,timeout,collision
20,-8.3628,-7.2453,0.0,0.0,timeout,timeout
21,-2.4043,0.0531,0.0,0.0,timeout,timeout
22,-2.422,8.3462,0.0,0.0,collision,timeout
23,-6.7994,-3.1656,0.0,0.0,collision,timeout
24,7.6979,8.7351,0.0,0.0,timeout,timeout
25,-0.6993,2.836,0.0,0.0,timeout,timeout
26,-6.6541,-12.9184,0.0,0.0,timeout,collision
27,4.3997,-3.3886,0.0,0.0,timeout,timeout
28,11.345,20.9778,0.0,0.0,timeout,timeout
29,5.9516,10.2105,0.0,0.0,timeout,timeout
30,7.7798,-1.9892,0.0,0.0,timeout,timeout
31,-4.0946,-7.4128,0.0,0.0,timeout,collision
32,10.9588,15.3114,0.0,0.0,timeout,timeout
33,12.82,10.7996,0.0,0.0,timeout,timeout
34,5.0997,8.0951,0.0,0.0,timeout,timeout
35,22.5538,8.0377,0.0286,0.0,success,timeout
36,-11.1102,1.3563,0.0278,0.0,timeout,timeout
37,16.7502,12.6604,0.027,0.0,timeout,timeout
38,21.8532,9.5713,0.0526,0.0,success,timeout
39,6.9185,10.0015,0.0513,0.0,timeout,timeout
40,-7.9638,-4.9977,0.05,0.0,collision,collision
41,5.4826,0.4677,0.0488,0.0,timeout,collision
42,-6.17,24.1829,0.0476,0.0238,collision,success
43,11.3104,10.0534,0.0465,0.0233,timeout,timeout
44,-2.3201,-1.3863,0.0455,0.0227,collision,collision
45,8.4866,7.4653,0.0444,0.0222,timeout,timeout
46,10.5328,14.3782,0.0435,0.0217,timeout,timeout
47,14.5965,-7.3867,0.0426,0.0213,timeout,collision
48,16.6952,9.972,0.0417,0.0208,timeout,timeout
49,22.9465,23.0502,0.0612,0.0408,success,success
50,-3.1256,3.5129,0.06,0.04,collision,timeout
51,10.8205,14.3975,0.06,0.04,timeout,timeout
52,2.6715,17.157,0.06,0.04,timeout,timeout
53,10.1773,23.2724,0.06,0.06,timeout,success
54,11.8738,15.0643,0.06,0.06,timeout,timeout
55,-3.2745,-2.4382,0.06,0.06,timeout,timeout
56,21.7729,23.3167,0.06,0.06,timeout,timeout
57,4.7532,11.6311,0.06,0.06,timeout,timeout
58,14.984,4.449,0.06,0.06,timeout,timeout
59,3.1568,3.1578,0.06,0.06,timeout,timeout
60,21.7066,20.2367,0.06,0.06,timeout,timeout
61,6.8439,8.2443,0.06,0.06,timeout,timeout
62,10.4135,11.3258,0.06,0.06,timeout,timeout
63,15.3169,12.6387,0.06,0.06,timeout,timeout
64,10.2956,11.1254,0.06,0.06,timeout,timeout
65,11.4418,-2.9937,0.06,0.06,timeout,timeout
66,7.9292,11.1721,0.06,0.06,timeout,timeout
67,7.512,5.4756,0.06,0.06,timeout,timeout
68,11.2749,11.6487,0.06,0.06,timeout,timeout
69,10.6763,15.3574,0.06,0.06,timeout,timeout
70,8.5211,8.4001,0.06,0.06,timeout,timeout
71,12.7863,25.8305,0.06,0.08,timeout,success
72,-4.7756,13.2178,0.06,0.08,collision,timeout
73,-12.7355,12.6517,0.06,0.08,collision,timeout
74,17.6428,12.7319,0.06,0.08,timeout,timeout
75,8.9596,7.0084,0.06,0.08,timeout,timeout
76,27.4728,14.5752,0.08,0.08,success,timeout
77,-8.7543,-3.035,0.08,0.08,collision,timeout
78,20.251,20.0764,0.08,0.08,timeout,timeout
79,9.3809,5.9275,0.08,0.08,timeout,timeout
80,14.0899,15.6106,0.08,0.08,timeout,timeout
81,16.7615,17.0138,0.08,0.08,timeout,timeout
82,15.3578,14.8163,0.08,0.08,timeout,timeout
83,-1.7155,14.8422,0.08,0.08,timeout,timeout
84,10.7293,10.9161,0.08,0.08,timeout,timeout
85,8.3168,26.0873,0.06,0.1,timeout,success
86,10.2926,14.9085,0.06,0.1,timeout,timeout
87,6.2582,23.1734,0.06,0.12,timeout,success
88,15.4035,15.8192,0.04,0.12,timeout,timeout
89,-10.1629,10.3795,0.04,0.12,collision,timeout
90,27.3387,26.9355,0.06,0.14,success,success
91,-4.0454,13.8803,0.06,0.14,collision,timeout
92,-2.2491,4.1377,0.06,0.12,collision,timeout
93,15.4682,13.3526,0.06,0.12,timeout,timeout
94,25.1185,24.8042,0.08,0.14,success,success
95,11.3676,23.1971,0.08,0.16,timeout,success
96,10.9285,12.9655,0.08,0.16,timeout,timeout
97,0.6589,17.0465,0.08,0.16,timeout,timeout
98,24.6251,24.9259,0.1,0.18,success,success
99,14.5517,13.7555,0.08,0.16,timeout,timeout
100,15.3674,19.9692,0.08,0.16,timeout,timeout
101,18.7173,20.4907,0.08,0.16,timeout,timeout
102,-5.4533,15.7609,0.08,0.16,collision,timeout
103,12.5215,13.0452,0.08,0.14,timeout,timeout
104,16.4948,14.8233,0.08,0.14,timeout,timeout
105,12.069,23.7728,0.08,0.16,timeout,success
106,24.8964,24.8298,0.1,0.18,success,success
107,-1.7484,14.2633,0.1,0.18,collision,timeout
108,14.8965,18.3042,0.1,0.18,timeout,timeout
109,14.5716,15.573,0.1,0.18,timeout,timeout
110,12.3992,13.1708,0.1,0.18,timeout,timeout
111,11.205,22.7888,0.1,0.2,timeout,success
112,26.4599,26.6204,0.12,0.22,success,success
113,12.3929,14.0401,0.12,0.22,timeout,timeout
114,13.3062,15.7609,0.12,0.22,timeout,timeout
115,11.716,26.6764,0.12,0.24,timeout,success
116,12.8943,14.9556,0.12,0.24,timeout,timeout
117,-2.7753,14.584,0.12,0.24,timeout,timeout
118,11.3246,13.5873,0.12,0.24,timeout,timeout
119,7.4184,9.7377,0.12,0.24,timeout,timeout
120,25.1643,24.8287,0.14,0.26,success,success
121,26.1215,27.1213,0.16,0.26,success,success
122,3.1651,-1.2406,0.16,0.26,timeout,collision
123,27.9787,28.1499,0.18,0.28,success,success
124,23.0707,23.1489,0.2,0.3,success,success
125,0.7205,10.9138,0.2,0.3,timeout,timeout
126,-0.6773,1.0601,0.18,0.3,collision,collision
127,23.2701,23.2894,0.2,0.32,success,success
128,-4.1921,7.7991,0.2,0.32,collision,timeout
129,26.3536,25.3783,0.22,0.34,success,success
130,-5.6056,9.3554,0.22,0.34,collision,timeout
131,-4.8874,0.0901,0.22,0.34,timeout,collision
132,24.5137,25.2236,0.24,0.36,success,success
133,22.8444,23.3629,0.26,0.38,success,success
134,16.3526,27.261,0.26,0.4,timeout,success
135,10.0322,9.7906,0.26,0.38,timeout,timeout
136,-6.0013,-9.6996,0.26,0.38,collision,collision
137,22.6622,22.6419,0.28,0.38,success,success
138,-9.3448,18.0208,0.28,0.38,timeout,timeout
139,10.7471,13.7054,0.28,0.38,timeout,timeout
140,0.1166,25.9723,0.26,0.38,timeout,success
141,15.0148,10.9826,0.26,0.38,timeout,timeout
142,8.7611,5.9528,0.26,0.38,timeout,timeout
143,15.945,15.0204,0.26,0.38,timeout,timeout
144,-6.2607,3.7311,0.24,0.36,collision,timeout
145,26.6555,26.4142,0.26,0.36,success,success
146,15.6058,18.9034,0.26,0.36,timeout,timeout
147,16.6703,14.0674,0.26,0.36,timeout,timeout
148,-6.7662,14.0696,0.24,0.34,collision,timeout
149,10.4794,14.479,0.24,0.34,timeout,timeout
150,19.6147,19.499,0.24,0.34,timeout,timeout
151,9.7317,16.6442,0.24,0.34,timeout,timeout
152,4.9223,3.7519,0.24,0.34,timeout,timeout
153,12.8698,22.347,0.24,0.34,timeout,timeout
154,2.6146,2.9568,0.24,0.34,timeout,timeout
155,8.2132,10.1611,0.24,0.32,timeout,timeout
156,0.0475,9.5075,0.22,0.3,timeout,timeout
157,3.4917,3.1094,0.22,0.3,timeout,timeout
158,13.3174,24.4136,0.22,0.32,timeout,success
159,-7.9315,14.3846,0.22,0.32,collision,timeout
160,-19.493,14.9895,0.22,0.32,collision,timeout
161,10.4925,-17.1145,0.22,0.3,timeout,collision
162,25.8649,26.1961,0.22,0.3,success,success
163,-3.722,22.7452,0.22,0.32,timeout,success
164,3.4983,2.0164,0.22,0.32,timeout,timeout
165,0.5074,-5.2858,0.22,0.3,timeout,collision
166,12.8539,24.0749,0.22,0.32,timeout,success
167,4.8789,-2.1263,0.22,0.32,timeout,collision
168,23.4558,23.5079,0.24,0.34,success,success
169,13.1262,12.402,0.24,0.34,timeout,timeout
170,24.0269,24.1306,0.24,0.34,success,success
171,13.0102,26.5838,0.22,0.34,timeout,success
172,11.1169,19.0099,0.22,0.34,timeout,timeout
173,-8.018,-3.4637,0.2,0.32,timeout,collision
174,16.2071,10.5632,0.18,0.3,timeout,timeout
175,14.0184,14.7891,0.18,0.3,timeout,timeout
176,-0.0839,11.7504,0.18,0.3,timeout,timeout
177,21.2484,20.2926,0.16,0.28,timeout,timeout
178,13.2755,20.6764,0.16,0.28,timeout,timeout
179,13.7303,25.2627,0.14,0.28,timeout,success
180,-11.5057,16.5408,0.14,0.28,timeout,timeout
181,1.0609,3.1412,0.14,0.28,timeout,timeout
182,8.4547,15.884,0.12,0.26,timeout,timeout
183,14.9069,8.8054,0.1,0.24,timeout,timeout
184,-14.3171,-5.6629,0.1,0.22,collision,collision
185,25.449,15.0677,0.12,0.22,success,timeout
186,16.4427,15.942,0.12,0.22,timeout,timeout
187,11.8122,15.752,0.1,0.2,timeout,timeout
188,3.555,3.8026,0.1,0.2,timeout,timeout
189,13.8958,12.9295,0.1,0.2,timeout,timeout
190,10.8318,13.2898,0.1,0.18,timeout,timeout
191,-9.9714,14.4643,0.1,0.18,timeout,timeout
192,16.7152,20.591,0.1,0.18,timeout,timeout
193,15.7439,16.1054,0.1,0.18,timeout,timeout
194,1.6436,13.5332,0.1,0.18,timeout,timeout
195,15.953,10.5636,0.08,0.16,timeout,timeout
196,25.0235,12.5041,0.1,0.16,success,timeout
197,7.7605,8.0849,0.1,0.16,timeout,timeout
198,27.5282,27.607,0.12,0.18,success,success
199,12.7256,-5.0158,0.12,0.18,timeout,collision
200,26.1839,25.8613,0.14,0.2,success,success
201,14.6328,15.7909,0.14,0.2,timeout,timeout
202,18.0305,18.3332,0.14,0.2,timeout,timeout
203,-18.3076,-6.936,0.14,0.2,collision,collision
204,25.9861,25.8233,0.16,0.22,success,success
205,5.1487,-10.2033,0.16,0.22,timeout,collision
206,12.6605,14.3111,0.16,0.22,timeout,timeout
207,11.0679,1.3618,0.16,0.22,timeout,timeout
208,11.554,9.8661,0.16,0.2,timeout,timeout
209,25.6326,25.9155,0.18,0.22,success,success
210,24.4677,23.8432,0.2,0.24,success,success
211,-17.1951,-0.6999,0.2,0.24,collision,collision
212,-1.6126,-4.9881,0.18,0.22,timeout,collision
213,15.8468,14.5601,0.18,0.2,timeout,timeout
214,27.2796,16.412,0.2,0.2,success,timeout
215,-3.9569,4.8285,0.2,0.2,collision,timeout
216,7.4331,17.3659,0.2,0.18,timeout,timeout
217,27.8942,16.2821,0.22,0.18,success,timeout
218,3.2363,14.2054,0.2,0.16,timeout,timeout
219,14.8516,19.6754,0.2,0.16,timeout,timeout
220,26.5085,14.9297,0.2,0.14,success,timeout
221,4.052,2.5129,0.2,0.12,timeout,timeout
222,25.505,14.0616,0.22,0.12,success,timeout
223,21.9491,20.8137,0.22,0.12,timeout,timeout
224,-0.048,17.5756,0.22,0.12,timeout,timeout
225,18.3667,19.3812,0.22,0.12,timeout,timeout
226,15.7983,27.5983,0.22,0.14,timeout,success
227,17.4096,17.0407,0.22,0.14,timeout,timeout
228,-6.7228,-9.3257,0.22,0.14,collision,timeout
229,4.7266,-6.3066,0.22,0.12,timeout,collision
230,0.1203,-6.7117,0.22,0.12,timeout,collision
231,1.7314,-5.6492,0.22,0.12,timeout,collision
232,10.0314,4.9417,0.22,0.12,timeout,timeout
233,-0.6844,3.2288,0.22,0.12,timeout,timeout
234,23.365,-7.9963,0.24,0.12,success,collision
235,12.9936,-0.3669,0.22,0.12,timeout,timeout
236,12.5595,-5.6635,0.22,0.12,timeout,collision
237,10.4164,22.4586,0.22,0.14,timeout,success
238,4.1864,13.0139,0.22,0.14,timeout,timeout
239,18.266,19.1813,0.22,0.14,timeout,timeout
240,10.6556,17.5058,0.22,0.14,timeout,timeout
241,8.7099,24.2258,0.22,0.16,timeout,success
242,14.827,20.2159,0.22,0.16,timeout,timeout
243,7.8362,-4.4429,0.22,0.16,timeout,collision
244,24.7902,14.2285,0.24,0.16,success,timeout
245,18.3707,-4.7705,0.24,0.16,timeout,collision
246,7.2847,1.2056,0.22,0.16,timeout,timeout
247,-4.6805,12.3735,0.22,0.16,timeout,timeout
248,15.9128,-8.5669,0.2,0.14,timeout,collision
249,10.4474,0.1001,0.2,0.14,timeout,timeout
250,3.0989,-21.031,0.18,0.12,timeout,collision
251,14.4167,14.1585,0.18,0.12,timeout,timeout
252,23.6662,23.6998,0.2,0.14,success,success
253,14.1469,24.5679,0.2,0.16,timeout,success
254,0.4746,-8.1895,0.18,0.14,timeout,collision
255,27.4752,27.8332,0.2,0.16,success,success
256,22.0604,11.1898,0.22,0.16,success,timeout
257,25.0763,25.485,0.24,0.18,success,success
258,4.478,12.6031,0.24,0.18,timeout,timeout
259,17.4062,-1.7353,0.22,0.16,timeout,collision
260,25.3036,12.4783,0.22,0.14,success,timeout
261,14.9563,4.4584,0.22,0.14,timeout,timeout
262,3.282,2.9064,0.22,0.14,timeout,timeout
263,12.3734,-1.4776,0.22,0.14,timeout,timeout
264,24.6136,24.6181,0.22,0.16,success,success
265,12.6855,-11.3037,0.22,0.16,timeout,timeout
266,21.5853,21.4545,0.22,0.16,timeout,timeout
267,17.9989,11.1773,0.2,0.16,timeout,timeout
268,1.6195,1.0046,0.2,0.16,timeout,timeout
269,18.3632,-4.5496,0.2,0.16,timeout,collision
270,10.7484,1.7915,0.18,0.16,timeout,timeout
271,24.6015,2.9361,0.2,0.16,success,timeout
272,9.2746,0.564,0.18,0.16,timeout,timeout
273,15.463,10.4936,0.18,0.16,timeout,timeout
274,-1.6259,-10.0009,0.18,0.16,timeout,collision
275,-19.3511,-20.395,0.18,0.16,collision,collision
276,9.1635,-14.2874,0.18,0.14,timeout,collision
277,14.2233,8.4446,0.18,0.14,timeout,timeout
278,7.5022,5.4576,0.18,0.14,timeout,timeout
279,10.0054,22.2308,0.18,0.16,timeout,success
280,22.6852,-3.4143,0.18,0.16,timeout,collision
281,3.8907,-2.2152,0.18,0.16,timeout,timeout
282,-5.0057,22.9105,0.18,0.18,collision,success
283,11.8416,3.66,0.18,0.18,timeout,timeout
284,13.8165,16.4512,0.16,0.18,timeout,timeout
285,1.6946,0.2956,0.16,0.18,timeout,timeout
286,13.6039,11.8845,0.16,0.18,timeout,timeout
287,17.9908,-5.1903,0.16,0.16,timeout,collision
288,15.4949,-0.5134,0.16,0.16,timeout,timeout
289,14.6958,11.4397,0.16,0.16,timeout,timeout
290,27.0842,26.7835,0.18,0.18,success,success
291,3.1233,12.6294,0.18,0.16,timeout,timeout
292,-8.4184,-10.2037,0.18,0.16,timeout,timeout
293,10.77,-19.7238,0.18,0.16,timeout,collision
294,11.2341,17.2368,0.16,0.16,timeout,timeout
295,-8.388,4.9816,0.16,0.16,timeout,timeout
296,11.3177,10.6577,0.16,0.16,timeout,timeout
297,26.4849,26.3701,0.18,0.18,success,success
298,4.4885,-12.777,0.18,0.18,timeout,collision
299,-6.5944,-8.4071,0.18,0.18,timeout,timeout
300,13.873,11.6902,0.18,0.18,timeout,timeout
