Episode,Steps,Reward,Success,Collision,Timeout,Moving_Success_Rate_50Ep,Epsilon,Avg_Loss
1,202,-20.7367,0,1,0,0.0,0.9328,0.002179
2,141,-13.0046,0,1,0,0.0,0.8693,0.335283
3,122,-8.9398,0,1,0,0.0,0.8179,0.343904
4,250,8.577,0,0,1,0.0,0.7217,0.320664
5,140,-11.5331,0,1,0,0.0,0.6729,0.221986
6,250,-11.0295,0,0,1,0.0,0.5938,0.222108
7,139,-17.5224,0,1,0,0.0,0.554,0.244747
8,115,-16.4386,0,1,0,0.0,0.523,0.267258
9,153,-18.7822,0,1,0,0.0,0.4845,0.200162
10,250,-13.2337,0,0,1,0.0,0.4275,0.265233
11,250,9.6365,0,0,1,0.0,0.3773,0.230838
12,250,-12.6609,0,0,1,0.0,0.3329,0.246241
13,250,-2.7737,0,0,1,0.0,0.2938,0.175077
14,250,-7.099,0,0,1,0.0,0.2593,0.158876
15,250,4.868,0,0,1,0.0,0.2288,0.149204
16,250,10.7772,0,0,1,0.0,0.2019,0.13675
17,250,11.9413,0,0,1,0.0,0.1782,0.110669
18,250,11.8562,0,0,1,0.0,0.1572,0.102873
19,250,1.4271,0,0,1,0.0,0.1388,0.082662
20,250,18.0302,0,0,1,0.0,0.1225,0.092589
21,250,-9.9807,0,0,1,0.0,0.1081,0.092637
22,250,-9.5691,0,0,1,0.0,0.0954,0.083799
23,250,3.1202,0,0,1,0.0,0.0842,0.068538
24,95,-17.155,0,1,0,0.0,0.0802,0.052356
25,172,-4.6608,0,1,0,0.0,0.0736,0.088943
26,250,-5.0464,0,0,1,0.0,0.065,0.07517
27,250,-5.6266,0,0,1,0.0,0.0573,0.090472
28,250,-7.5122,0,0,1,0.0,0.0506,0.059668
29,224,-16.3887,0,1,0,0.0,0.05,0.081778
30,250,8.6251,0,0,1,0.0,0.05,0.085369
31,250,17.1307,0,0,1,0.0,0.05,0.073451
32,250,-7.5274,0,0,1,0.0,0.05,0.082621
33,151,-12.0262,0,1,0,0.0,0.05,0.096881
34,250,2.8242,0,0,1,0.0,0.05,0.090817
35,250,13.7201,0,0,1,0.0,0.05,0.09415
36,250,-6.2292,0,0,1,0.0,0.05,0.077801
37,250,-8.4188,0,0,1,0.0,0.05,0.067837
38,250,10.7508,0,0,1,0.0,0.05,0.058352
39,118,-2.5764,0,1,0,0.0,0.05,0.087663
40,250,0.6048,0,0,1,0.0,0.05,0.081107
41,250,15.1714,0,0,1,0.0,0.05,0.069392
42,250,-8.4768,0,0,1,0.0,0.05,0.088136
43,250,-7.8852,0,0,1,0.0,0.05,0.093592
44,250,8.7236,0,0,1,0.0,0.05,0.060676
45,250,-6.9771,0,0,1,0.0,0.05,0.064528
46,250,3.7897,0,0,1,0.0,0.05,0.097418
47,250,-12.2548,0,0,1,0.0,0.05,0.061837
48,250,-12.0845,0,0,1,0.0,0.05,0.081546
49,250,7.2611,0,0,1,0.0,0.05,0.05583
50,250,-3.4863,0,0,1,0.0,0.05,0.06883
51,106,-8.1911,0,1,0,0.0,0.05,0.033612
52,192,-8.0556,0,1,0,0.0,0.05,0.103116
53,250,17.1304,0,0,1,0.0,0.05,0.073008
54,250,13.4181,0,0,1,0.0,0.05,0.09865
55,172,-9.5868,0,1,0,0.0,0.05,0.108541
56,108,-13.7539,0,1,0,0.0,0.05,0.060533
57,250,15.5264,0,0,1,0.0,0.05,0.128283
58,196,-12.5467,0,1,0,0.0,0.05,0.115715
59,250,21.1231,0,0,1,0.0,0.05,0.115272
60,175,-12.4121,0,1,0,0.0,0.05,0.217837
61,234,-23.3112,0,1,0,0.0,0.05,0.180038
62,250,5.2343,0,0,1,0.0,0.05,0.129668
63,81,-2.7417,0,1,0,0.0,0.05,0.222534
64,250,-0.2017,0,0,1,0.0,0.05,0.191298
65,250,3.9386,0,0,1,0.0,0.05,0.20717
66,250,-0.1728,0,0,1,0.0,0.05,0.138298
67,250,-2.26,0,0,1,0.0,0.05,0.128022
68,250,-4.0883,0,0,1,0.0,0.05,0.18356
69,131,-18.4751,0,1,0,0.0,0.05,0.105912
70,250,-8.4619,0,0,1,0.0,0.05,0.130256
71,250,21.8405,0,0,1,0.0,0.05,0.098797
72,250,-10.45,0,0,1,0.0,0.05,0.154986
73,250,12.5152,0,0,1,0.0,0.05,0.205684
74,204,-19.8844,0,1,0,0.0,0.05,0.197852
75,250,-8.2936,0,0,1,0.0,0.05,0.162228
76,99,-15.8654,0,1,0,0.0,0.05,0.15799
77,250,8.5506,0,0,1,0.0,0.05,0.214983
78,250,-7.8057,0,0,1,0.0,0.05,0.215536
79,250,6.2694,0,0,1,0.0,0.05,0.189102
80,250,-4.0132,0,0,1,0.0,0.05,0.211686
81,175,-11.9174,0,1,0,0.0,0.05,0.194122
82,250,-3.4739,0,0,1,0.0,0.05,0.24558
83,250,2.9351,0,0,1,0.0,0.05,0.188638
84,250,-8.6937,0,0,1,0.0,0.05,0.129179
85,154,-8.0931,0,1,0,0.0,0.05,0.178366
86,250,11.6505,0,0,1,0.0,0.05,0.232646
87,250,0.5856,0,0,1,0.0,0.05,0.153194
88,192,-7.8453,0,1,0,0.0,0.05,0.205788
89,195,-5.1186,0,1,0,0.0,0.05,0.220187
90,153,-10.707,0,1,0,0.0,0.05,0.206432
91,160,-3.3146,0,1,0,0.0,0.05,0.110704
92,179,-13.9912,0,1,0,0.0,0.05,0.189384
93,210,-10.7106,0,1,0,0.0,0.05,0.174154
94,170,-10.6903,0,1,0,0.0,0.05,0.198198
95,250,-2.4701,0,0,1,0.0,0.05,0.227041
96,250,-1.43,0,0,1,0.0,0.05,0.194689
97,172,-10.4203,0,1,0,0.0,0.05,0.25687
98,134,-17.242,0,1,0,0.0,0.05,0.200948
99,250,0.2826,0,0,1,0.0,0.05,0.208902
100,250,6.057,0,0,1,0.0,0.05,0.274169
101,250,-2.9007,0,0,1,0.0,0.05,0.218915
102,250,-10.8839,0,0,1,0.0,0.05,0.305497
103,244,-9.0395,0,1,0,0.0,0.05,0.224805
104,250,12.4055,0,0,1,0.0,0.05,0.221254
105,250,-0.97,0,0,1,0.0,0.05,0.206625
106,250,4.6313,0,0,1,0.0,0.05,0.158612
107,250,-2.375,0,0,1,0.0,0.05,0.131414
108,250,18.1026,0,0,1,0.0,0.05,0.247412
109,117,-3.39,0,1,0,0.0,0.05,0.183081
110,250,4.5486,0,0,1,0.0,0.05,0.172034
111,236,24.3872,1,0,0,0.02,0.05,0.177111
112,129,-9.9296,0,1,0,0.02,0.05,0.212982
113,250,15.9956,0,0,1,0.02,0.05,0.196135
114,208,-5.5565,0,1,0,0.02,0.05,0.172996
115,250,3.5009,0,0,1,0.02,0.05,0.233295
116,167,-12.0117,0,1,0,0.02,0.05,0.203017
117,250,-9.5046,0,0,1,0.02,0.05,0.199804
118,250,13.2576,0,0,1,0.02,0.05,0.223883
119,217,-10.5077,0,1,0,0.02,0.05,0.181159
120,250,-2.7545,0,0,1,0.02,0.05,0.260598
121,250,0.25,0,0,1,0.02,0.05,0.1907
122,250,1.9248,0,0,1,0.02,0.05,0.277843
123,250,2.9272,0,0,1,0.02,0.05,0.219021
124,250,7.0166,0,0,1,0.02,0.05,0.168803
125,250,11.6175,0,0,1,0.02,0.05,0.220123
126,250,-0.8095,0,0,1,0.02,0.05,0.214595
127,250,19.2155,0,0,1,0.02,0.05,0.196921
128,250,4.512,0,0,1,0.02,0.05,0.202329
129,250,-2.8772,0,0,1,0.02,0.05,0.223945
130,250,-3.5899,0,0,1,0.02,0.05,0.192215
131,250,-1.9612,0,0,1,0.02,0.05,0.222804
132,159,-14.3221,0,1,0,0.02,0.05,0.215961
133,122,-0.8354,0,1,0,0.02,0.05,0.249894
134,250,18.1271,0,0,1,0.02,0.05,0.237114
135,250,18.1707,0,0,1,0.02,0.05,0.194605
136,186,-4.4095,0,1,0,0.02,0.05,0.272316
137,177,-4.1548,0,1,0,0.02,0.05,0.241247
138,250,14.3715,0,0,1,0.02,0.05,0.272298
139,225,-16.001,0,1,0,0.02,0.05,0.264015
140,250,2.5573,0,0,1,0.02,0.05,0.260516
141,250,10.8504,0,0,1,0.02,0.05,0.198081
142,230,-17.4347,0,1,0,0.02,0.05,0.238858
143,250,-2.5151,0,0,1,0.02,0.05,0.266506
144,250,19.286,0,0,1,0.02,0.05,0.195623
145,250,-10.8811,0,0,1,0.02,0.05,0.208371
146,250,11.4053,0,0,1,0.02,0.05,0.270423
147,250,-2.9044,0,0,1,0.02,0.05,0.216261
148,250,21.4527,0,0,1,0.02,0.05,0.231297
149,250,0.9909,0,0,1,0.02,0.05,0.19837
150,140,-10.6415,0,1,0,0.02,0.05,0.253753
151,158,-8.1254,0,1,0,0.02,0.05,0.184983
152,250,-3.2147,0,0,1,0.02,0.05,0.24034
153,250,-2.2421,0,0,1,0.02,0.05,0.234064
154,250,-11.2428,0,0,1,0.02,0.05,0.210518
155,104,-4.643,0,1,0,0.02,0.05,0.227632
156,250,-5.7637,0,0,1,0.02,0.05,0.217053
157,250,18.1122,0,0,1,0.02,0.05,0.244977
158,136,-9.1075,0,1,0,0.02,0.05,0.198356
159,186,-7.7847,0,1,0,0.02,0.05,0.178123
160,152,-11.6999,0,1,0,0.02,0.05,0.154404
161,250,19.1402,0,0,1,0.0,0.05,0.234801
162,250,13.2043,0,0,1,0.0,0.05,0.24243
163,250,2.595,0,0,1,0.0,0.05,0.246528
164,250,20.9718,0,0,1,0.0,0.05,0.233908
165,250,15.4043,0,0,1,0.0,0.05,0.210192
166,250,10.1959,0,0,1,0.0,0.05,0.168652
167,185,24.7792,1,0,0,0.02,0.05,0.192646
168,250,12.884,0,0,1,0.02,0.05,0.212988
169,250,16.4596,0,0,1,0.02,0.05,0.222754
170,250,7.2536,0,0,1,0.02,0.05,0.23497
171,250,-5.0991,0,0,1,0.02,0.05,0.210501
172,250,-11.0488,0,0,1,0.02,0.05,0.202559
173,117,-15.252,0,1,0,0.02,0.05,0.241543
174,250,11.4146,0,0,1,0.02,0.05,0.191942
175,250,15.3536,0,0,1,0.02,0.05,0.246132
176,250,-10.1882,0,0,1,0.02,0.05,0.233477
177,164,-19.4749,0,1,0,0.02,0.05,0.218919
178,250,20.1682,0,0,1,0.02,0.05,0.176534
179,250,17.7746,0,0,1,0.02,0.05,0.167402
180,250,10.4793,0,0,1,0.02,0.05,0.202817
181,250,-1.74,0,0,1,0.02,0.05,0.227866
182,237,-5.6311,0,1,0,0.02,0.05,0.221531
183,193,25.8088,1,0,0,0.04,0.05,0.249221
184,250,0.1103,0,0,1,0.04,0.05,0.186416
185,250,12.1096,0,0,1,0.04,0.05,0.220452
186,250,0.9872,0,0,1,0.04,0.05,0.183958
187,177,-16.1384,0,1,0,0.04,0.05,0.16077
188,250,13.1982,0,0,1,0.04,0.05,0.148586
189,250,-4.8304,0,0,1,0.04,0.05,0.190174
190,250,10.227,0,0,1,0.04,0.05,0.144405
191,250,4.0528,0,0,1,0.04,0.05,0.236629
192,250,16.4469,0,0,1,0.04,0.05,0.160346
193,250,1.6602,0,0,1,0.04,0.05,0.188127
194,246,29.188,1,0,0,0.06,0.05,0.206694
195,250,2.1384,0,0,1,0.06,0.05,0.222622
196,250,11.1559,0,0,1,0.06,0.05,0.228978
197,250,9.5552,0,0,1,0.06,0.05,0.149917
198,160,-10.107,0,1,0,0.06,0.05,0.138679
199,250,13.9215,0,0,1,0.06,0.05,0.160468
200,250,13.5975,0,0,1,0.06,0.05,0.175372
201,126,-4.5535,0,1,0,0.06,0.05,0.149375
202,250,8.0251,0,0,1,0.06,0.05,0.185085
203,250,5.499,0,0,1,0.06,0.05,0.156364
204,250,11.7364,0,0,1,0.06,0.05,0.14217
205,250,16.1092,0,0,1,0.06,0.05,0.162536
206,250,8.0503,0,0,1,0.06,0.05,0.204216
207,250,15.9812,0,0,1,0.06,0.05,0.155793
208,250,10.1398,0,0,1,0.06,0.05,0.152856
209,250,4.2519,0,0,1,0.06,0.05,0.195565
210,250,-10.0025,0,0,1,0.06,0.05,0.16759
211,232,-17.4191,0,1,0,0.06,0.05,0.23864
212,250,10.5574,0,0,1,0.06,0.05,0.218883
213,250,16.2849,0,0,1,0.06,0.05,0.168128
214,250,16.2839,0,0,1,0.06,0.05,0.19058
215,224,26.224,1,0,0,0.08,0.05,0.17392
216,250,5.9715,0,0,1,0.08,0.05,0.181568
217,250,14.0551,0,0,1,0.06,0.05,0.190846
218,250,13.6507,0,0,1,0.06,0.05,0.201326
219,250,12.472,0,0,1,0.06,0.05,0.176741
220,185,-18.2624,0,1,0,0.06,0.05,0.136175
221,250,4.7444,0,0,1,0.06,0.05,0.188767
222,250,9.9459,0,0,1,0.06,0.05,0.191706
223,250,15.3581,0,0,1,0.06,0.05,0.166242
224,250,13.1473,0,0,1,0.06,0.05,0.179685
225,223,24.9397,1,0,0,0.08,0.05,0.154142
226,250,-2.1699,0,0,1,0.08,0.05,0.162119
227,250,-6.486,0,0,1,0.08,0.05,0.195976
228,250,5.1402,0,0,1,0.08,0.05,0.185159
229,250,13.3761,0,0,1,0.08,0.05,0.159866
230,222,22.9354,1,0,0,0.1,0.05,0.192273
231,250,15.1801,0,0,1,0.1,0.05,0.157787
232,179,-12.2552,0,1,0,0.1,0.05,0.121613
233,250,-0.9038,0,0,1,0.08,0.05,0.138717
234,250,7.3013,0,0,1,0.08,0.05,0.16473
235,250,12.186,0,0,1,0.08,0.05,0.129234
236,146,-6.8555,0,1,0,0.08,0.05,0.195506
237,225,22.6849,1,0,0,0.1,0.05,0.162955
238,250,-3.4115,0,0,1,0.1,0.05,0.195211
239,250,5.0479,0,0,1,0.1,0.05,0.156443
240,161,24.5721,1,0,0,0.12,0.05,0.179035
241,250,9.4463,0,0,1,0.12,0.05,0.156971
242,250,3.0002,0,0,1,0.12,0.05,0.173776
243,250,14.4698,0,0,1,0.12,0.05,0.137341
244,250,13.4135,0,0,1,0.1,0.05,0.17242
245,250,0.2014,0,0,1,0.1,0.05,0.169935
246,247,25.6057,1,0,0,0.12,0.05,0.173672
247,250,12.0229,0,0,1,0.12,0.05,0.136728
248,250,9.3553,0,0,1,0.12,0.05,0.198254
249,250,10.9259,0,0,1,0.12,0.05,0.136974
250,250,4.3255,0,0,1,0.12,0.05,0.161752
251,250,0.8948,0,0,1,0.12,0.05,0.189112
252,250,14.2621,0,0,1,0.12,0.05,0.173647
253,250,11.5257,0,0,1,0.12,0.05,0.136439
254,250,14.1324,0,0,1,0.12,0.05,0.190915
255,250,13.5352,0,0,1,0.12,0.05,0.169998
256,250,6.1343,0,0,1,0.12,0.05,0.18217
257,250,16.3007,0,0,1,0.12,0.05,0.191982
258,250,7.9101,0,0,1,0.12,0.05,0.179545
259,250,9.7858,0,0,1,0.12,0.05,0.207752
260,250,7.0218,0,0,1,0.12,0.05,0.163858
261,250,7.4047,0,0,1,0.12,0.05,0.176959
262,250,10.4647,0,0,1,0.12,0.05,0.152502
263,205,22.3087,1,0,0,0.14,0.05,0.190524
264,144,-5.9776,0,1,0,0.14,0.05,0.281286
265,213,22.0497,1,0,0,0.14,0.05,0.204077
266,250,12.3379,0,0,1,0.14,0.05,0.178596
267,198,-8.33,0,1,0,0.14,0.05,0.156319
268,250,10.7265,0,0,1,0.14,0.05,0.237744
269,250,7.6161,0,0,1,0.14,0.05,0.195297
270,126,-16.9849,0,1,0,0.14,0.05,0.255565
271,250,1.678,0,0,1,0.14,0.05,0.170756
272,250,11.6205,0,0,1,0.14,0.05,0.142326
273,250,-4.6365,0,0,1,0.14,0.05,0.161499
274,203,25.9771,1,0,0,0.16,0.05,0.300539
275,250,14.1357,0,0,1,0.14,0.05,0.168396
276,250,3.4089,0,0,1,0.14,0.05,0.194807
277,250,-2.7556,0,0,1,0.14,0.05,0.199255
278,250,7.5302,0,0,1,0.14,0.05,0.183507
279,250,-3.5843,0,0,1,0.14,0.05,0.232286
280,250,10.0704,0,0,1,0.12,0.05,0.199766
281,250,11.5998,0,0,1,0.12,0.05,0.224401
282,174,-20.4762,0,1,0,0.12,0.05,0.204958
283,250,18.0632,0,0,1,0.12,0.05,0.301527
284,250,10.9625,0,0,1,0.12,0.05,0.214905
285,250,6.8886,0,0,1,0.12,0.05,0.19733
286,250,-0.0698,0,0,1,0.12,0.05,0.393123
287,250,9.2304,0,0,1,0.1,0.05,0.283578
288,250,0.6164,0,0,1,0.1,0.05,0.13645
289,250,9.6735,0,0,1,0.1,0.05,0.189397
290,250,13.4051,0,0,1,0.08,0.05,0.196808
291,250,-2.1974,0,0,1,0.08,0.05,0.239832
292,250,8.0443,0,0,1,0.08,0.05,0.176673
293,250,12.438,0,0,1,0.08,0.05,0.23801
294,250,1.1109,0,0,1,0.08,0.05,0.20918
295,250,18.2506,0,0,1,0.08,0.05,0.226975
296,128,-5.9712,0,1,0,0.06,0.05,0.167942
297,250,8.7154,0,0,1,0.06,0.05,0.218392
298,250,-10.1119,0,0,1,0.06,0.05,0.218167
299,223,1.032,0,1,0,0.06,0.05,0.303324
300,250,0.1242,0,0,1,0.06,0.05,0.286357
301,250,10.4975,0,0,1,0.06,0.05,0.183302
302,241,22.7567,1,0,0,0.08,0.05,0.191978
303,250,-8.6276,0,0,1,0.08,0.05,0.219089
304,250,-8.1067,0,0,1,0.08,0.05,0.179483
305,250,11.5135,0,0,1,0.08,0.05,0.185358
306,250,14.8357,0,0,1,0.08,0.05,0.203675
307,231,-3.4486,0,1,0,0.08,0.05,0.208935
308,229,-12.3011,0,1,0,0.08,0.05,0.180281
309,250,16.5787,0,0,1,0.08,0.05,0.220842
310,250,12.1108,0,0,1,0.08,0.05,0.192573
311,250,13.9279,0,0,1,0.08,0.05,0.238359
312,250,1.6198,0,0,1,0.08,0.05,0.257927
313,225,25.9019,1,0,0,0.08,0.05,0.236679
314,250,9.6728,0,0,1,0.08,0.05,0.187767
315,250,14.8085,0,0,1,0.06,0.05,0.201891
316,250,10.0449,0,0,1,0.06,0.05,0.224847
317,250,11.7845,0,0,1,0.06,0.05,0.241921
318,250,10.8331,0,0,1,0.06,0.05,0.210367
319,250,5.8332,0,0,1,0.06,0.05,0.273895
320,250,4.4217,0,0,1,0.06,0.05,0.156508
321,250,-2.0934,0,0,1,0.06,0.05,0.197936
322,250,-8.0935,0,0,1,0.06,0.05,0.238121
323,250,15.7243,0,0,1,0.06,0.05,0.20901
324,250,10.7909,0,0,1,0.04,0.05,0.171267
325,250,-3.193,0,0,1,0.04,0.05,0.246164
326,232,28.8057,1,0,0,0.06,0.05,0.177378
327,250,12.7196,0,0,1,0.06,0.05,0.21307
328,250,13.0465,0,0,1,0.06,0.05,0.192315
329,250,19.4018,0,0,1,0.06,0.05,0.190992
330,115,-4.7999,0,1,0,0.06,0.05,0.282849
331,250,17.7716,0,0,1,0.06,0.05,0.163589
332,250,-9.9463,0,0,1,0.06,0.05,0.308461
333,177,-20.1015,0,1,0,0.06,0.05,0.197882
334,140,-7.6124,0,1,0,0.06,0.05,0.315067
335,194,22.947,1,0,0,0.08,0.05,0.322686
336,250,9.5564,0,0,1,0.08,0.05,0.182288
337,153,-7.3302,0,1,0,0.08,0.05,0.258727
338,247,24.2382,1,0,0,0.1,0.05,0.16022
339,250,10.3424,0,0,1,0.1,0.05,0.213416
340,250,6.3139,0,0,1,0.1,0.05,0.20894
341,250,-9.9788,0,0,1,0.1,0.05,0.284303
342,250,11.0233,0,0,1,0.1,0.05,0.262516
343,250,4.1832,0,0,1,0.1,0.05,0.206586
344,250,12.6564,0,0,1,0.1,0.05,0.185555
345,250,-3.8539,0,0,1,0.1,0.05,0.180504
346,250,17.519,0,0,1,0.1,0.05,0.174572
347,250,14.6021,0,0,1,0.1,0.05,0.184538
348,250,11.577,0,0,1,0.1,0.05,0.216109
349,250,16.4462,0,0,1,0.1,0.05,0.307072
350,250,8.8923,0,0,1,0.1,0.05,0.267691
351,250,17.2436,0,0,1,0.1,0.05,0.172894
352,250,16.5511,0,0,1,0.08,0.05,0.214739
353,250,13.687,0,0,1,0.08,0.05,0.178515
354,250,-11.1302,0,0,1,0.08,0.05,0.246762
355,250,10.9096,0,0,1,0.08,0.05,0.173967
356,250,8.0635,0,0,1,0.08,0.05,0.190814
357,215,-18.5005,0,1,0,0.08,0.05,0.162567
358,250,7.7905,0,0,1,0.08,0.05,0.217718
359,213,27.2487,1,0,0,0.1,0.05,0.190622
360,250,-9.5646,0,0,1,0.1,0.05,0.221728
361,250,-1.2188,0,0,1,0.1,0.05,0.206944
362,250,-6.9372,0,0,1,0.1,0.05,0.225473
363,215,29.907,1,0,0,0.1,0.05,0.341122
364,194,23.3643,1,0,0,0.12,0.05,0.191127
365,237,-15.1057,0,1,0,0.12,0.05,0.242667
366,250,14.2055,0,0,1,0.12,0.05,0.151437
367,250,11.8007,0,0,1,0.12,0.05,0.20717
368,169,-9.7518,0,1,0,0.12,0.05,0.183064
369,250,-3.0364,0,0,1,0.12,0.05,0.1805
370,250,-1.0981,0,0,1,0.12,0.05,0.40825
371,181,22.7526,1,0,0,0.14,0.05,0.358476
372,250,9.212,0,0,1,0.14,0.05,0.249608
373,157,-11.2767,0,1,0,0.14,0.05,0.185498
374,250,-11.976,0,0,1,0.14,0.05,0.20038
375,222,24.0262,1,0,0,0.16,0.05,0.166096
376,250,5.9228,0,0,1,0.14,0.05,0.21692
377,250,-6.2433,0,0,1,0.14,0.05,0.24628
378,250,2.4409,0,0,1,0.14,0.05,0.200487
379,250,1.2244,0,0,1,0.14,0.05,0.170811
380,250,10.4108,0,0,1,0.14,0.05,0.179318
381,250,-9.9684,0,0,1,0.14,0.05,0.255897
382,250,14.9946,0,0,1,0.14,0.05,0.235865
383,250,20.9909,0,0,1,0.14,0.05,0.186741
384,250,-10.4555,0,0,1,0.14,0.05,0.179615
385,181,24.2003,1,0,0,0.14,0.05,0.177389
386,250,15.7429,0,0,1,0.14,0.05,0.17874
387,250,9.8904,0,0,1,0.14,0.05,0.18085
388,250,-2.278,0,0,1,0.12,0.05,0.268957
389,199,-15.1445,0,1,0,0.12,0.05,0.246155
390,250,9.947,0,0,1,0.12,0.05,0.500732
391,250,-2.2785,0,0,1,0.12,0.05,0.238724
392,250,13.9643,0,0,1,0.12,0.05,0.213601
393,250,-0.0126,0,0,1,0.12,0.05,0.191597
394,250,-4.2374,0,0,1,0.12,0.05,0.360759
395,250,5.8495,0,0,1,0.12,0.05,0.326375
396,232,27.3939,1,0,0,0.14,0.05,0.200608
397,250,-4.0724,0,0,1,0.14,0.05,0.348216
398,250,15.9514,0,0,1,0.14,0.05,0.250065
399,250,-0.4202,0,0,1,0.14,0.05,0.424996
400,250,-5.1227,0,0,1,0.14,0.05,0.185644
401,250,-8.4054,0,0,1,0.14,0.05,0.185885
402,250,-8.7648,0,0,1,0.14,0.05,0.36445
403,250,15.064,0,0,1,0.14,0.05,0.42688
404,250,-8.9503,0,0,1,0.14,0.05,0.303778
405,250,5.6385,0,0,1,0.14,0.05,0.245952
406,190,-11.5764,0,1,0,0.14,0.05,0.250298
407,250,-4.2418,0,0,1,0.14,0.05,0.292732
408,250,-9.5405,0,0,1,0.14,0.05,0.21323
409,250,1.461,0,0,1,0.12,0.05,0.285852
410,250,-4.357,0,0,1,0.12,0.05,0.239379
411,250,12.1758,0,0,1,0.12,0.05,0.249116
412,250,11.0455,0,0,1,0.12,0.05,0.235645
413,250,-6.7293,0,0,1,0.1,0.05,0.208984
414,212,27.8758,1,0,0,0.1,0.05,0.196386
415,185,25.1719,1,0,0,0.12,0.05,0.234922
416,250,-8.6847,0,0,1,0.12,0.05,0.264942
417,250,12.1008,0,0,1,0.12,0.05,0.980825
418,250,-7.6209,0,0,1,0.12,0.05,0.253778
419,199,-19.0909,0,1,0,0.12,0.05,0.157348
420,241,27.0996,1,0,0,0.14,0.05,0.219347
421,184,-16.8288,0,1,0,0.12,0.05,0.95298
422,250,-8.7336,0,0,1,0.12,0.05,0.286899
423,250,-10.8565,0,0,1,0.12,0.05,0.542674
424,242,23.7673,1,0,0,0.14,0.05,0.356165
425,210,-15.0681,0,1,0,0.12,0.05,0.30426
426,250,14.9521,0,0,1,0.12,0.05,0.295168
427,250,17.2831,0,0,1,0.12,0.05,0.261145
428,250,-9.592,0,0,1,0.12,0.05,0.736768
429,168,23.1866,1,0,0,0.14,0.05,0.368694
430,250,14.8899,0,0,1,0.14,0.05,0.246327
431,250,3.4945,0,0,1,0.14,0.05,0.273765
432,250,12.9151,0,0,1,0.14,0.05,0.343001
433,250,-8.0062,0,0,1,0.14,0.05,0.350683
434,250,-8.3734,0,0,1,0.14,0.05,0.329404
435,250,17.0274,0,0,1,0.12,0.05,0.363083
436,250,-9.0147,0,0,1,0.12,0.05,1.135091
437,250,17.5361,0,0,1,0.12,0.05,0.478034
438,174,-12.619,0,1,0,0.12,0.05,0.313283
439,250,16.5991,0,0,1,0.12,0.05,0.475585
440,209,22.372,1,0,0,0.14,0.05,0.37192
441,223,27.0107,1,0,0,0.16,0.05,0.28593
442,207,-11.9625,0,1,0,0.16,0.05,0.379213
443,250,-2.6996,0,0,1,0.16,0.05,0.382489
444,250,12.7665,0,0,1,0.16,0.05,0.350619
445,250,-1.405,0,0,1,0.16,0.05,0.503951
446,250,13.512,0,0,1,0.14,0.05,1.31509
447,151,-17.8229,0,1,0,0.14,0.05,0.312644
448,250,10.8135,0,0,1,0.14,0.05,0.26822
449,250,10.9662,0,0,1,0.14,0.05,0.94003
450,250,12.0059,0,0,1,0.14,0.05,0.432885
451,250,10.6505,0,0,1,0.14,0.05,0.405839
452,164,-18.7836,0,1,0,0.14,0.05,0.459289
453,250,-7.0246,0,0,1,0.14,0.05,0.638093
454,250,-3.0327,0,0,1,0.14,0.05,0.36173
455,167,-18.9577,0,1,0,0.14,0.05,0.399836
456,250,5.1876,0,0,1,0.14,0.05,0.308605
457,250,4.7215,0,0,1,0.14,0.05,0.318057
458,250,-4.6768,0,0,1,0.14,0.05,0.496616
459,250,-7.1239,0,0,1,0.14,0.05,0.570516
460,152,-19.6154,0,1,0,0.14,0.05,0.307661
461,250,-2.0645,0,0,1,0.14,0.05,0.511994
462,250,11.2389,0,0,1,0.14,0.05,0.296586
463,212,-18.5187,0,1,0,0.14,0.05,0.341286
464,182,22.9373,1,0,0,0.14,0.05,0.431791
465,103,-16.5188,0,1,0,0.12,0.05,0.641196
466,250,9.9615,0,0,1,0.12,0.05,0.441025
467,250,-4.9692,0,0,1,0.12,0.05,0.370607
468,143,-17.1965,0,1,0,0.12,0.05,0.261429
469,250,-6.777,0,0,1,0.12,0.05,0.680299
470,155,-19.6462,0,1,0,0.1,0.05,0.385721
471,250,12.1455,0,0,1,0.1,0.05,1.492862
472,239,-17.4749,0,1,0,0.1,0.05,0.84913
473,250,8.8104,0,0,1,0.1,0.05,0.529308
474,250,7.5633,0,0,1,0.08,0.05,0.605096
475,82,-16.0236,0,1,0,0.08,0.05,0.391872
476,153,-10.1507,0,1,0,0.08,0.05,0.578479
477,250,-3.8635,0,0,1,0.08,0.05,0.43735
478,250,5.4816,0,0,1,0.08,0.05,0.381795
479,250,-10.6652,0,0,1,0.06,0.05,0.46701
480,250,-11.0265,0,0,1,0.06,0.05,0.659959
481,250,7.3247,0,0,1,0.06,0.05,0.374122
482,250,16.7323,0,0,1,0.06,0.05,0.352649
483,250,0.034,0,0,1,0.06,0.05,0.371849
484,250,17.6386,0,0,1,0.06,0.05,1.408381
485,250,11.684,0,0,1,0.06,0.05,0.59848
486,225,24.2576,1,0,0,0.08,0.05,0.373928
487,250,7.7931,0,0,1,0.08,0.05,0.407921
488,250,5.6007,0,0,1,0.08,0.05,0.476555
489,250,1.0726,0,0,1,0.08,0.05,0.535883
490,250,18.7378,0,0,1,0.06,0.05,0.344738
491,250,-5.4223,0,0,1,0.04,0.05,2.039659
492,203,25.8314,1,0,0,0.06,0.05,0.424161
493,250,8.8754,0,0,1,0.06,0.05,0.431369
494,91,-15.6118,0,1,0,0.06,0.05,0.400803
495,155,-15.8487,0,1,0,0.06,0.05,0.470886
496,250,19.7213,0,0,1,0.06,0.05,0.834531
497,250,-10.1869,0,0,1,0.06,0.05,0.66551
498,250,4.4915,0,0,1,0.06,0.05,0.554823
499,250,8.4148,0,0,1,0.06,0.05,0.571866
500,250,-2.9145,0,0,1,0.06,0.05,0.3919
